http://mixi.jp/aaa,mixi イベント1,場所1,住所1,0,1,test-1,2014/03/01 10:00:00,2014/03/01 12:00:00,0,1,13
http://mixi.jp/aaa,mixi イベント2,場所2,住所2,200,2,test-2,2014/03/19 10:00:00,2014/03/19 18:00:00,1,0,1
http://mixi.jp/aaa,mixi イベント3,場所3,住所3,400,3,test-3,2014/03/19 10:00:00,2014/03/19 18:00:00,0,1,13
http://mixi.jp/aaa,mixi イベント4,場所4,住所4,600,4,test-4,2014/03/04 10:00:00,2014/03/04 18:00:00,0,0,13
http://mixi.jp/aaa,mixi イベント5,場所5,住所5,800,5,test-5,2014/03/05 10:00:00,2014/03/05 18:00:00,1,0,1
http://facebook.com/aaa,facebook イベント1,場所6,住所6,1000,6,test-6,2014/03/19 10:00:00,2014/03/19 18:00:00,0,0,34
http://facebook.com/aaa,facebook イベント2,場所7,住所7,1200,7,test-7,2014/03/07 10:00:00,2014/03/07 18:00:00,0,1,13
http://facebook.com/aaa,facebook イベント3,場所8,住所8,1400,8,test-8,2014/03/19 10:00:00,2014/03/19 18:00:00,1,0,1
http://facebook.com/aaa,facebook イベント4,場所9,住所9,1600,9,test-9,2014/03/19 10:00:00,2014/03/19 18:00:00,0,0,34
http://facebook.com/aaa,facebook イベント5,場所10,住所10,1800,10,test-10,2014/03/10 10:00:00,2014/03/10 18:00:00,1,1,13
http://twipla.jp/aaa,twipla イベント1,場所11,住所11,2000,11,test-11,2014/03/07 10:00:00,2014/03/08 18:00:00,0,0,34
http://twipla.jp/aaa,twipla イベント2,場所12,住所12,2200,12,test-12,2014/03/19 10:00:00,2014/03/19 18:00:00,0,0,13
http://twipla.jp/aaa,twipla イベント3,場所13,住所13,2400,13,test-13,2014/03/13 10:00:00,2014/03/13 18:00:00,0,0,13
http://twipla.jp/aaa,twipla イベント4,場所14,住所14,2600,14,test-14,2014/03/19 10:00:00,2014/03/20 18:00:00,0,1,1
http://twipla.jp/aaa,twipla イベント5,場所15,住所15,2800,15,test-15,2014/03/07 10:00:00,2014/03/07 18:00:00,1,0,34
http://tweetvite.com/aaa,twetvite イベント1,場所16,住所16,3000,16,test-16,2014/03/19 10:00:00,2014/03/19 18:00:00,0,0,13
http://tweetvite.com/aaa,twetvite イベント2,場所17,住所17,3200,17,test-17,2014/03/17 10:00:00,2014/03/18 18:00:00,0,0,1
http://tweetvite.com/aaa,twetvite イベント3,場所18,住所18,3400,18,test-18,2014/03/07 10:00:00,2014/03/07 18:00:00,0,1,13
http://tweetvite.com/aaa,twetvite イベント4,場所19,住所19,3600,19,test-19,2014/03/19 10:00:00,2014/03/19 18:00:00,0,0,34
http://tweetvite.com/aaa,twetvite イベント5,場所20,住所20,3800,20,test-20,2014/03/06 10:00:00,2014/03/06 18:00:00,1,0,13